1955-01-01,昭和30年,元日
1955-01-15,昭和30年,成人の日
1955-03-21,昭和30年,春分の日
1955-04-29,昭和30年,天皇誕生日
1955-05-03,昭和30年,憲法記念日
1955-05-05,昭和30年,こどもの日
1955-09-24,昭和30年,秋分の日
1955-11-03,昭和30年,文化の日
1955-11-23,昭和30年,勤労感謝の日
1956-01-01,昭和31年,元日
1956-01-15,昭和31年,成人の日
1956-03-21,昭和31年,春分の日
1956-04-29,昭和31年,天皇誕生日
1956-05-03,昭和31年,憲法記念日
1956-05-05,昭和31年,こどもの日
1956-09-23,昭和31年,秋分の日
1956-11-03,昭和31年,文化の日
1956-11-23,昭和31年,勤労感謝の日
1957-01-01,昭和32年,元日
1957-01-15,昭和32年,成人の日
1957-03-21,昭和32年,春分の日
1957-04-29,昭和32年,天皇誕生日
1957-05-03,昭和32年,憲法記念日
1957-05-05,昭和32年,こどもの日
1957-09-23,昭和32年,秋分の日
1957-11-03,昭和32年,文化の日
1957-11-23,昭和32年,勤労感謝の日
1958-01-01,昭和33年,元日
1958-01-15,昭和33年,成人の日
1958-03-21,昭和33年,春分の日
1958-04-29,昭和33年,天皇誕生日
1958-05-03,昭和33年,憲法記念日
1958-05-05,昭和33年,こどもの日
1958-09-23,昭和33年,秋分の日
1958-11-03,昭和33年,文化の日
1958-11-23,昭和33年,勤労感謝の日
1959-01-01,昭和34年,元日
1959-01-15,昭和34年,成人の日
1959-03-21,昭和34年,春分の日
1959-04-10,昭和34年,皇太子・明仁親王の結婚の儀
1959-04-29,昭和34年,天皇誕生日
1959-05-03,昭和34年,憲法記念日
1959-05-05,昭和34年,こどもの日
1959-09-24,昭和34年,秋分の日
1959-11-03,昭和34年,文化の日
1959-11-23,昭和34年,勤労感謝の日
1960-01-01,昭和35年,元日
1960-01-15,昭和35年,成人の日
1960-03-20,昭和35年,春分の日
1960-04-29,昭和35年,天皇誕生日
1960-05-03,昭和35年,憲法記念日
1960-05-05,昭和35年,こどもの日
1960-09-23,昭和35年,秋分の日
1960-11-03,昭和35年,文化の日
1960-11-23,昭和35年,勤労感謝の日
1961-01-01,昭和36年,元日
1961-01-15,昭和36年,成人の日
1961-03-21,昭和36年,春分の日
1961-04-29,昭和36年,天皇誕生日
1961-05-03,昭和36年,憲法記念日
1961-05-05,昭和36年,こどもの日
1961-09-23,昭和36年,秋分の日
1961-11-03,昭和36年,文化の日
1961-11-23,昭和36年,勤労感謝の日
1962-01-01,昭和37年,元日
1962-01-15,昭和37年,成人の日
1962-03-21,昭和37年,春分の日
1962-04-29,昭和37年,天皇誕生日
1962-05-03,昭和37年,憲法記念日
1962-05-05,昭和37年,こどもの日
1962-09-23,昭和37年,秋分の日
1962-11-03,昭和37年,文化の日
1962-11-23,昭和37年,勤労感謝の日
1963-01-01,昭和38年,元日
1963-01-15,昭和38年,成人の日
1963-03-21,昭和38年,春分の日
1963-04-29,昭和38年,天皇誕生日
1963-05-03,昭和38年,憲法記念日
1963-05-05,昭和38年,こどもの日
1963-09-24,昭和38年,秋分の日
1963-11-03,昭和38年,文化の日
1963-11-23,昭和38年,勤労感謝の日
1964-01-01,昭和39年,元日
1964-01-15,昭和39年,成人の日
1964-03-20,昭和39年,春分の日
1964-04-29,昭和39年,天皇誕生日
1964-05-03,昭和39年,憲法記念日
1964-05-05,昭和39年,こどもの日
1964-09-23,昭和39年,秋分の日
1964-11-03,昭和39年,文化の日
1964-11-23,昭和39年,勤労感謝の日
1965-01-01,昭和40年,元日
1965-01-15,昭和40年,成人の日
1965-03-21,昭和40年,春分の日
1965-04-29,昭和40年,天皇誕生日
1965-05-03,昭和40年,憲法記念日
1965-05-05,昭和40年,こどもの日
1965-09-23,昭和40年,秋分の日
1965-11-03,昭和40年,文化の日
1965-11-23,昭和40年,勤労感謝の日
1966-01-01,昭和41年,元日
1966-01-15,昭和41年,成人の日
1966-03-21,昭和41年,春分の日
1966-04-29,昭和41年,天皇誕生日
1966-05-03,昭和41年,憲法記念日
1966-05-05,昭和41年,こどもの日
1966-09-15,昭和41年,敬老の日
1966-09-23,昭和41年,秋分の日
1966-10-10,昭和41年,体育の日
1966-11-03,昭和41年,文化の日
1966-11-23,昭和41年,勤労感謝の日
1967-01-01,昭和42年,元日
1967-01-15,昭和42年,成人の日
1967-02-11,昭和42年,建国記念の日
1967-03-21,昭和42年,春分の日
1967-04-29,昭和42年,天皇誕生日
1967-05-03,昭和42年,憲法記念日
1967-05-05,昭和42年,こどもの日
1967-09-15,昭和42年,敬老の日
1967-09-24,昭和42年,秋分の日
1967-10-10,昭和42年,体育の日
1967-11-03,昭和42年,文化の日
1967-11-23,昭和42年,勤労感謝の日
1968-01-01,昭和43年,元日
1968-01-15,昭和43年,成人の日
1968-02-11,昭和43年,建国記念の日
1968-03-20,昭和43年,春分の日
1968-04-29,昭和43年,天皇誕生日
1968-05-03,昭和43年,憲法記念日
1968-05-05,昭和43年,こどもの日
1968-09-15,昭和43年,敬老の日
1968-09-23,昭和43年,秋分の日
1968-10-10,昭和43年,体育の日
1968-11-03,昭和43年,文化の日
1968-11-23,昭和43年,勤労感謝の日
1969-01-01,昭和44年,元日
1969-01-15,昭和44年,成人の日
1969-02-11,昭和44年,建国記念の日
1969-03-21,昭和44年,春分の日
1969-04-29,昭和44年,天皇誕生日
1969-05-03,昭和44年,憲法記念日
1969-05-05,昭和44年,こどもの日
1969-09-15,昭和44年,敬老の日
1969-09-23,昭和44年,秋分の日
1969-10-10,昭和44年,体育の日
1969-11-03,昭和44年,文化の日
1969-11-23,昭和44年,勤労感謝の日
1970-01-01,昭和45年,元日
1970-01-15,昭和45年,成人の日
1970-02-11,昭和45年,建国記念の日
1970-03-21,昭和45年,春分の日
1970-04-29,昭和45年,天皇誕生日
1970-05-03,昭和45年,憲法記念日
1970-05-05,昭和45年,こどもの日
1970-09-15,昭和45年,敬老の日
1970-09-23,昭和45年,秋分の日
1970-10-10,昭和45年,体育の日
1970-11-03,昭和45年,文化の日
1970-11-23,昭和45年,勤労感謝の日
1971-01-01,昭和46年,元日
1971-01-15,昭和46年,成人の日
1971-02-11,昭和46年,建国記念の日
1971-03-21,昭和46年,春分の日
1971-04-29,昭和46年,天皇誕生日
1971-05-03,昭和46年,憲法記念日
1971-05-05,昭和46年,こどもの日
1971-09-15,昭和46年,敬老の日
1971-09-24,昭和46年,秋分の日
1971-10-10,昭和46年,体育の日
1971-11-03,昭和46年,文化の日
1971-11-23,昭和46年,勤労感謝の日
1972-01-01,昭和47年,元日
1972-01-15,昭和47年,成人の日
1972-02-11,昭和47年,建国記念の日
1972-03-20,昭和47年,春分の日
1972-04-29,昭和47年,天皇誕生日
1972-05-03,昭和47年,憲法記念日
1972-05-05,昭和47年,こどもの日
1972-09-15,昭和47年,敬老の日
1972-09-23,昭和47年,秋分の日
1972-10-10,昭和47年,体育の日
1972-11-03,昭和47年,文化の日
1972-11-23,昭和47年,勤労感謝の日
1973-01-01,昭和48年,元日
1973-01-15,昭和48年,成人の日
1973-02-11,昭和48年,建国記念の日
1973-03-21,昭和48年,春分の日
1973-04-29,昭和48年,天皇誕生日
1973-04-30,昭和48年,振替休日
1973-05-03,昭和48年,憲法記念日
1973-05-05,昭和48年,こどもの日
1973-09-15,昭和48年,敬老の日
1973-09-23,昭和48年,秋分の日
1973-09-24,昭和48年,振替休日
1973-10-10,昭和48年,体育の日
1973-11-03,昭和48年,文化の日
1973-11-23,昭和48年,勤労感謝の日
1974-01-01,昭和49年,元日
1974-01-15,昭和49年,成人の日
1974-02-11,昭和49年,建国記念の日
1974-03-21,昭和49年,春分の日
1974-04-29,昭和49年,天皇誕生日
1974-05-03,昭和49年,憲法記念日
1974-05-05,昭和49年,こどもの日
1974-05-06,昭和49年,振替休日
1974-09-15,昭和49年,敬老の日
1974-09-16,昭和49年,振替休日
1974-09-23,昭和49年,秋分の日
1974-10-10,昭和49年,体育の日
1974-11-03,昭和49年,文化の日
1974-11-04,昭和49年,振替休日
1974-11-23,昭和49年,勤労感謝の日
1975-01-01,昭和50年,元日
1975-01-15,昭和50年,成人の日
1975-02-11,昭和50年,建国記念の日
1975-03-21,昭和50年,春分の日
1975-04-29,昭和50年,天皇誕生日
1975-05-03,昭和50年,憲法記念日
1975-05-05,昭和50年,こどもの日
1975-09-15,昭和50年,敬老の日
1975-09-24,昭和50年,秋分の日
1975-10-10,昭和50年,体育の日
1975-11-03,昭和50年,文化の日
1975-11-23,昭和50年,勤労感謝の日
1975-11-24,昭和50年,振替休日
1976-01-01,昭和51年,元日
1976-01-15,昭和51年,成人の日
1976-02-11,昭和51年,建国記念の日
1976-03-20,昭和51年,春分の日
1976-04-29,昭和51年,天皇誕生日
1976-05-03,昭和51年,憲法記念日
1976-05-05,昭和51年,こどもの日
1976-09-15,昭和51年,敬老の日
1976-09-23,昭和51年,秋分の日
1976-10-10,昭和51年,体育の日
1976-10-11,昭和51年,振替休日
1976-11-03,昭和51年,文化の日
1976-11-23,昭和51年,勤労感謝の日
1977-01-01,昭和52年,元日
1977-01-15,昭和52年,成人の日
1977-02-11,昭和52年,建国記念の日
1977-03-21,昭和52年,春分の日
1977-04-29,昭和52年,天皇誕生日
1977-05-03,昭和52年,憲法記念日
1977-05-05,昭和52年,こどもの日
1977-09-15,昭和52年,敬老の日
1977-09-23,昭和52年,秋分の日
1977-10-10,昭和52年,体育の日
1977-11-03,昭和52年,文化の日
1977-11-23,昭和52年,勤労感謝の日
1978-01-01,昭和53年,元日
1978-01-02,昭和53年,振替休日
1978-01-15,昭和53年,成人の日
1978-01-16,昭和53年,振替休日
1978-02-11,昭和53年,建国記念の日
1978-03-21,昭和53年,春分の日
1978-04-29,昭和53年,天皇誕生日
1978-05-03,昭和53年,憲法記念日
1978-05-05,昭和53年,こどもの日
1978-09-15,昭和53年,敬老の日
1978-09-23,昭和53年,秋分の日
1978-10-10,昭和53年,体育の日
1978-11-03,昭和53年,文化の日
1978-11-23,昭和53年,勤労感謝の日
1979-01-01,昭和54年,元日
1979-01-15,昭和54年,成人の日
1979-02-11,昭和54年,建国記念の日
1979-02-12,昭和54年,振替休日
1979-03-21,昭和54年,春分の日
1979-04-29,昭和54年,天皇誕生日
1979-04-30,昭和54年,振替休日
1979-05-03,昭和54年,憲法記念日
1979-05-05,昭和54年,こどもの日
1979-09-15,昭和54年,敬老の日
1979-09-24,昭和54年,秋分の日
1979-10-10,昭和54年,体育の日
1979-11-03,昭和54年,文化の日
1979-11-23,昭和54年,勤労感謝の日
1980-01-01,昭和55年,元日
1980-01-15,昭和55年,成人の日
1980-02-11,昭和55年,建国記念の日
1980-03-20,昭和55年,春分の日
1980-04-29,昭和55年,天皇誕生日
1980-05-03,昭和55年,憲法記念日
1980-05-05,昭和55年,こどもの日
1980-09-15,昭和55年,敬老の日
1980-09-23,昭和55年,秋分の日
1980-10-10,昭和55年,体育の日
1980-11-03,昭和55年,文化の日
1980-11-23,昭和55年,勤労感謝の日
1980-11-24,昭和55年,振替休日
1981-01-01,昭和56年,元日
1981-01-15,昭和56年,成人の日
1981-02-11,昭和56年,建国記念の日
1981-03-21,昭和56年,春分の日
1981-04-29,昭和56年,天皇誕生日
1981-05-03,昭和56年,憲法記念日
1981-05-04,昭和56年,振替休日
1981-05-05,昭和56年,こどもの日
1981-09-15,昭和56年,敬老の日
1981-09-23,昭和56年,秋分の日
1981-10-10,昭和56年,体育の日
1981-11-03,昭和56年,文化の日
1981-11-23,昭和56年,勤労感謝の日
1982-01-01,昭和57年,元日
1982-01-15,昭和57年,成人の日
1982-02-11,昭和57年,建国記念の日
1982-03-21,昭和57年,春分の日
1982-03-22,昭和57年,振替休日
1982-04-29,昭和57年,天皇誕生日
1982-05-03,昭和57年,憲法記念日
1982-05-05,昭和57年,こどもの日
1982-09-15,昭和57年,敬老の日
1982-09-23,昭和57年,秋分の日
1982-10-10,昭和57年,体育の日
1982-10-11,昭和57年,振替休日
1982-11-03,昭和57年,文化の日
1982-11-23,昭和57年,勤労感謝の日
1983-01-01,昭和58年,元日
1983-01-15,昭和58年,成人の日
1983-02-11,昭和58年,建国記念の日
1983-03-21,昭和58年,春分の日
1983-04-29,昭和58年,天皇誕生日
1983-05-03,昭和58年,憲法記念日
1983-05-05,昭和58年,こどもの日
1983-09-15,昭和58年,敬老の日
1983-09-23,昭和58年,秋分の日
1983-10-10,昭和58年,体育の日
1983-11-03,昭和58年,文化の日
1983-11-23,昭和58年,勤労感謝の日
1984-01-01,昭和59年,元日
1984-01-02,昭和59年,振替休日
1984-01-15,昭和59年,成人の日
1984-01-16,昭和59年,振替休日
1984-02-11,昭和59年,建国記念の日
1984-03-20,昭和59年,春分の日
1984-04-29,昭和59年,天皇誕生日
1984-04-30,昭和59年,振替休日
1984-05-03,昭和59年,憲法記念日
1984-05-05,昭和59年,こどもの日
1984-09-15,昭和59年,敬老の日
1984-09-23,昭和59年,秋分の日
1984-09-24,昭和59年,振替休日
1984-10-10,昭和59年,体育の日
1984-11-03,昭和59年,文化の日
1984-11-23,昭和59年,勤労感謝の日
1985-01-01,昭和60年,元日
1985-01-15,昭和60年,成人の日
1985-02-11,昭和60年,建国記念の日
1985-03-21,昭和60年,春分の日
1985-04-29,昭和60年,天皇誕生日
1985-05-03,昭和60年,憲法記念日
1985-05-05,昭和60年,こどもの日
1985-05-06,昭和60年,振替休日
1985-09-15,昭和60年,敬老の日
1985-09-16,昭和60年,振替休日
1985-09-23,昭和60年,秋分の日
1985-10-10,昭和60年,体育の日
1985-11-03,昭和60年,文化の日
1985-11-04,昭和60年,振替休日
1985-11-23,昭和60年,勤労感謝の日
1986-01-01,昭和61年,元日
1986-01-15,昭和61年,成人の日
1986-02-11,昭和61年,建国記念の日
1986-03-21,昭和61年,春分の日
1986-04-29,昭和61年,天皇誕生日
1986-05-03,昭和61年,憲法記念日
1986-05-05,昭和61年,こどもの日
1986-09-15,昭和61年,敬老の日
1986-09-23,昭和61年,秋分の日
1986-10-10,昭和61年,体育の日
1986-11-03,昭和61年,文化の日
1986-11-23,昭和61年,勤労感謝の日
1986-11-24,昭和61年,振替休日
1987-01-01,昭和62年,元日
1987-01-15,昭和62年,成人の日
1987-02-11,昭和62年,建国記念の日
1987-03-21,昭和62年,春分の日
1987-04-29,昭和62年,天皇誕生日
1987-05-03,昭和62年,憲法記念日
1987-05-04,昭和62年,振替休日
1987-05-05,昭和62年,こどもの日
1987-09-15,昭和62年,敬老の日
1987-09-23,昭和62年,秋分の日
1987-10-10,昭和62年,体育の日
1987-11-03,昭和62年,文化の日
1987-11-23,昭和62年,勤労感謝の日
1988-01-01,昭和63年,元日
1988-01-15,昭和63年,成人の日
1988-02-11,昭和63年,建国記念の日
1988-03-20,昭和63年,春分の日
1988-03-21,昭和63年,振替休日
1988-04-29,昭和63年,天皇誕生日
1988-05-03,昭和63年,憲法記念日
1988-05-04,昭和63年,国民の休日
1988-05-05,昭和63年,こどもの日
1988-09-15,昭和63年,敬老の日
1988-09-23,昭和63年,秋分の日
1988-10-10,昭和63年,体育の日
1988-11-03,昭和63年,文化の日
1988-11-23,昭和63年,勤労感謝の日
1989-01-01,平成1年,元日
1989-01-02,平成1年,振替休日
1989-01-15,平成1年,成人の日
1989-01-16,平成1年,振替休日
1989-02-11,平成1年,建国記念の日
1989-02-24,平成1年,昭和天皇の大喪の礼
1989-03-21,平成1年,春分の日
1989-04-29,平成1年,みどりの日
1989-05-03,平成1年,憲法記念日
1989-05-04,平成1年,国民の休日
1989-05-05,平成1年,こどもの日
1989-09-15,平成1年,敬老の日
1989-09-23,平成1年,秋分の日
1989-10-10,平成1年,体育の日
1989-11-03,平成1年,文化の日
1989-11-23,平成1年,勤労感謝の日
1989-12-23,平成1年,天皇誕生日
1990-01-01,平成2年,元日
1990-01-15,平成2年,成人の日
1990-02-11,平成2年,建国記念の日
1990-02-12,平成2年,振替休日
1990-03-21,平成2年,春分の日
1990-04-29,平成2年,みどりの日
1990-04-30,平成2年,振替休日
1990-05-03,平成2年,憲法記念日
1990-05-04,平成2年,国民の休日
1990-05-05,平成2年,こどもの日
1990-09-15,平成2年,敬老の日
1990-09-23,平成2年,秋分の日
1990-09-24,平成2年,振替休日
1990-10-10,平成2年,体育の日
1990-11-03,平成2年,文化の日
1990-11-12,平成2年,即位の礼正殿の儀
1990-11-23,平成2年,勤労感謝の日
1990-12-23,平成2年,天皇誕生日
1990-12-24,平成2年,振替休日
1991-01-01,平成3年,元日
1991-01-15,平成3年,成人の日
1991-02-11,平成3年,建国記念の日
1991-03-21,平成3年,春分の日
1991-04-29,平成3年,みどりの日
1991-05-03,平成3年,憲法記念日
1991-05-04,平成3年,国民の休日
1991-05-05,平成3年,こどもの日
1991-05-06,平成3年,振替休日
1991-09-15,平成3年,敬老の日
1991-09-16,平成3年,振替休日
1991-09-23,平成3年,秋分の日
1991-10-10,平成3年,体育の日
1991-11-03,平成3年,文化の日
1991-11-04,平成3年,振替休日
1991-11-23,平成3年,勤労感謝の日
1991-12-23,平成3年,天皇誕生日
1992-01-01,平成4年,元日
1992-01-15,平成4年,成人の日
1992-02-11,平成4年,建国記念の日
1992-03-20,平成4年,春分の日
1992-04-29,平成4年,みどりの日
1992-05-03,平成4年,憲法記念日
1992-05-04,平成4年,振替休日
1992-05-05,平成4年,こどもの日
1992-09-15,平成4年,敬老の日
1992-09-23,平成4年,秋分の日
1992-10-10,平成4年,体育の日
1992-11-03,平成4年,文化の日
1992-11-23,平成4年,勤労感謝の日
1992-12-23,平成4年,天皇誕生日
1993-01-01,平成5年,元日
1993-01-15,平成5年,成人の日
1993-02-11,平成5年,建国記念の日
1993-03-20,平成5年,春分の日
1993-04-29,平成5年,みどりの日
1993-05-03,平成5年,憲法記念日
1993-05-04,平成5年,国民の休日
1993-05-05,平成5年,こどもの日
1993-06-09,平成5年,皇太子・徳仁親王の結婚の儀
1993-09-15,平成5年,敬老の日
1993-09-23,平成5年,秋分の日
1993-10-10,平成5年,体育の日
1993-10-11,平成5年,振替休日
1993-11-03,平成5年,文化の日
1993-11-23,平成5年,勤労感謝の日
1993-12-23,平成5年,天皇誕生日
1994-01-01,平成6年,元日
1994-01-15,平成6年,成人の日
1994-02-11,平成6年,建国記念の日
1994-03-21,平成6年,春分の日
1994-04-29,平成6年,みどりの日
1994-05-03,平成6年,憲法記念日
1994-05-04,平成6年,国民の休日
1994-05-05,平成6年,こどもの日
1994-09-15,平成6年,敬老の日
1994-09-23,平成6年,秋分の日
1994-10-10,平成6年,体育の日
1994-11-03,平成6年,文化の日
1994-11-23,平成6年,勤労感謝の日
1994-12-23,平成6年,天皇誕生日
1995-01-01,平成7年,元日
1995-01-02,平成7年,振替休日
1995-01-15,平成7年,成人の日
1995-01-16,平成7年,振替休日
1995-02-11,平成7年,建国記念の日
1995-03-21,平成7年,春分の日
1995-04-29,平成7年,みどりの日
1995-05-03,平成7年,憲法記念日
1995-05-04,平成7年,国民の休日
1995-05-05,平成7年,こどもの日
1995-09-15,平成7年,敬老の日
1995-09-23,平成7年,秋分の日
1995-10-10,平成7年,体育の日
1995-11-03,平成7年,文化の日
1995-11-23,平成7年,勤労感謝の日
1995-12-23,平成7年,天皇誕生日
1996-01-01,平成8年,元日
1996-01-15,平成8年,成人の日
1996-02-11,平成8年,建国記念の日
1996-02-12,平成8年,振替休日
1996-03-20,平成8年,春分の日
1996-04-29,平成8年,みどりの日
1996-05-03,平成8年,憲法記念日
1996-05-04,平成8年,国民の休日
1996-05-05,平成8年,こどもの日
1996-05-06,平成8年,振替休日
1996-07-20,平成8年,海の日
1996-09-15,平成8年,敬老の日
1996-09-16,平成8年,振替休日
1996-09-23,平成8年,秋分の日
1996-10-10,平成8年,体育の日
1996-11-03,平成8年,文化の日
1996-11-04,平成8年,振替休日
1996-11-23,平成8年,勤労感謝の日
1996-12-23,平成8年,天皇誕生日
1997-01-01,平成9年,元日
1997-01-15,平成9年,成人の日
1997-02-11,平成9年,建国記念の日
1997-03-20,平成9年,春分の日
1997-04-29,平成9年,みどりの日
1997-05-03,平成9年,憲法記念日
1997-05-05,平成9年,こどもの日
1997-07-20,平成9年,海の日
1997-07-21,平成9年,振替休日
1997-09-15,平成9年,敬老の日
1997-09-23,平成9年,秋分の日
1997-10-10,平成9年,体育の日
1997-11-03,平成9年,文化の日
1997-11-23,平成9年,勤労感謝の日
1997-11-24,平成9年,振替休日
1997-12-23,平成9年,天皇誕生日
1998-01-01,平成10年,元日
1998-01-15,平成10年,成人の日
1998-02-11,平成10年,建国記念の日
1998-03-21,平成10年,春分の日
1998-04-29,平成10年,みどりの日
1998-05-03,平成10年,憲法記念日
1998-05-04,平成10年,振替休日
1998-05-05,平成10年,こどもの日
1998-07-20,平成10年,海の日
1998-09-15,平成10年,敬老の日
1998-09-23,平成10年,秋分の日
1998-10-10,平成10年,体育の日
1998-11-03,平成10年,文化の日
1998-11-23,平成10年,勤労感謝の日
1998-12-23,平成10年,天皇誕生日
1999-01-01,平成11年,元日
1999-01-15,平成11年,成人の日
1999-02-11,平成11年,建国記念の日
1999-03-21,平成11年,春分の日
1999-03-22,平成11年,振替休日
1999-04-29,平成11年,みどりの日
1999-05-03,平成11年,憲法記念日
1999-05-04,平成11年,国民の休日
1999-05-05,平成11年,こどもの日
1999-07-20,平成11年,海の日
1999-09-15,平成11年,敬老の日
1999-09-23,平成11年,秋分の日
1999-10-10,平成11年,体育の日
1999-10-11,平成11年,振替休日
1999-11-03,平成11年,文化の日
1999-11-23,平成11年,勤労感謝の日
1999-12-23,平成11年,天皇誕生日
2000-01-01,平成12年,元日
2000-01-10,平成12年,成人の日
2000-02-11,平成12年,建国記念の日
2000-03-20,平成12年,春分の日
2000-04-29,平成12年,みどりの日
2000-05-03,平成12年,憲法記念日
2000-05-04,平成12年,国民の休日
2000-05-05,平成12年,こどもの日
2000-07-20,平成12年,海の日
2000-09-15,平成12年,敬老の日
2000-09-23,平成12年,秋分の日
2000-10-09,平成12年,体育の日
2000-11-03,平成12年,文化の日
2000-11-23,平成12年,勤労感謝の日
2000-12-23,平成12年,天皇誕生日
2001-01-01,平成13年,元日
2001-01-08,平成13年,成人の日
2001-02-11,平成13年,建国記念の日
2001-02-12,平成13年,振替休日
2001-03-20,平成13年,春分の日
2001-04-29,平成13年,みどりの日
2001-04-30,平成13年,振替休日
2001-05-03,平成13年,憲法記念日
2001-05-04,平成13年,国民の休日
2001-05-05,平成13年,こどもの日
2001-07-20,平成13年,海の日
2001-09-15,平成13年,敬老の日
2001-09-23,平成13年,秋分の日
2001-09-24,平成13年,振替休日
2001-10-08,平成13年,体育の日
2001-11-03,平成13年,文化の日
2001-11-23,平成13年,勤労感謝の日
2001-12-23,平成13年,天皇誕生日
2001-12-24,平成13年,振替休日
2002-01-01,平成14年,元日
2002-01-14,平成14年,成人の日
2002-02-11,平成14年,建国記念の日
2002-03-21,平成14年,春分の日
2002-04-29,平成14年,みどりの日
2002-05-03,平成14年,憲法記念日
2002-05-04,平成14年,国民の休日
2002-05-05,平成14年,こどもの日
2002-05-06,平成14年,振替休日
2002-07-20,平成14年,海の日
2002-09-15,平成14年,敬老の日
2002-09-16,平成14年,振替休日
2002-09-23,平成14年,秋分の日
2002-10-14,平成14年,体育の日
2002-11-03,平成14年,文化の日
2002-11-04,平成14年,振替休日
2002-11-23,平成14年,勤労感謝の日
2002-12-23,平成14年,天皇誕生日
2003-01-01,平成15年,元日
2003-01-13,平成15年,成人の日
2003-02-11,平成15年,建国記念の日
2003-03-21,平成15年,春分の日
2003-04-29,平成15年,みどりの日
2003-05-03,平成15年,憲法記念日
2003-05-05,平成15年,こどもの日
2003-07-21,平成15年,海の日
2003-09-15,平成15年,敬老の日
2003-09-23,平成15年,秋分の日
2003-10-13,平成15年,体育の日
2003-11-03,平成15年,文化の日
2003-11-23,平成15年,勤労感謝の日
2003-11-24,平成15年,振替休日
2003-12-23,平成15年,天皇誕生日
2004-01-01,平成16年,元日
2004-01-12,平成16年,成人の日
2004-02-11,平成16年,建国記念の日
2004-03-20,平成16年,春分の日
2004-04-29,平成16年,みどりの日
2004-05-03,平成16年,憲法記念日
2004-05-04,平成16年,国民の休日
2004-05-05,平成16年,こどもの日
2004-07-19,平成16年,海の日
2004-09-20,平成16年,敬老の日
2004-09-23,平成16年,秋分の日
2004-10-11,平成16年,体育の日
2004-11-03,平成16年,文化の日
2004-11-23,平成16年,勤労感謝の日
2004-12-23,平成16年,天皇誕生日
2005-01-01,平成17年,元日
2005-01-10,平成17年,成人の日
2005-02-11,平成17年,建国記念の日
2005-03-20,平成17年,春分の日
2005-03-21,平成17年,振替休日
2005-04-29,平成17年,みどりの日
2005-05-03,平成17年,憲法記念日
2005-05-04,平成17年,国民の休日
2005-05-05,平成17年,こどもの日
2005-07-18,平成17年,海の日
2005-09-19,平成17年,敬老の日
2005-09-23,平成17年,秋分の日
2005-10-10,平成17年,体育の日
2005-11-03,平成17年,文化の日
2005-11-23,平成17年,勤労感謝の日
2005-12-23,平成17年,天皇誕生日
2006-01-01,平成18年,元日
2006-01-02,平成18年,振替休日
2006-01-09,平成18年,成人の日
2006-02-11,平成18年,建国記念の日
2006-03-21,平成18年,春分の日
2006-04-29,平成18年,みどりの日
2006-05-03,平成18年,憲法記念日
2006-05-04,平成18年,国民の休日
2006-05-05,平成18年,こどもの日
2006-07-17,平成18年,海の日
2006-09-18,平成18年,敬老の日
2006-09-23,平成18年,秋分の日
2006-10-09,平成18年,体育の日
2006-11-03,平成18年,文化の日
2006-11-23,平成18年,勤労感謝の日
2006-12-23,平成18年,天皇誕生日
2007-01-01,平成19年,元日
2007-01-08,平成19年,成人の日
2007-02-11,平成19年,建国記念の日
2007-02-12,平成19年,振替休日
2007-03-21,平成19年,春分の日
2007-04-29,平成19年,昭和の日
2007-04-30,平成19年,振替休日
2007-05-03,平成19年,憲法記念日
2007-05-04,平成19年,みどりの日
2007-05-05,平成19年,こどもの日
2007-07-16,平成19年,海の日
2007-09-17,平成19年,敬老の日
2007-09-23,平成19年,秋分の日
2007-09-24,平成19年,振替休日
2007-10-08,平成19年,体育の日
2007-11-03,平成19年,文化の日
2007-11-23,平成19年,勤労感謝の日
2007-12-23,平成19年,天皇誕生日
2007-12-24,平成19年,振替休日
2008-01-01,平成20年,元日
2008-01-14,平成20年,成人の日
2008-02-11,平成20年,建国記念の日
2008-03-20,平成20年,春分の日
2008-04-29,平成20年,昭和の日
2008-05-03,平成20年,憲法記念日
2008-05-04,平成20年,みどりの日
2008-05-05,平成20年,こどもの日
2008-05-06,平成20年,振替休日
2008-07-21,平成20年,海の日
2008-09-15,平成20年,敬老の日
2008-09-23,平成20年,秋分の日
2008-10-13,平成20年,体育の日
2008-11-03,平成20年,文化の日
2008-11-23,平成20年,勤労感謝の日
2008-11-24,平成20年,振替休日
2008-12-23,平成20年,天皇誕生日
2009-01-01,平成21年,元日
2009-01-12,平成21年,成人の日
2009-02-11,平成21年,建国記念の日
2009-03-20,平成21年,春分の日
2009-04-29,平成21年,昭和の日
2009-05-03,平成21年,憲法記念日
2009-05-04,平成21年,みどりの日
2009-05-05,平成21年,こどもの日
2009-05-06,平成21年,振替休日
2009-07-20,平成21年,海の日
2009-09-21,平成21年,敬老の日
2009-09-22,平成21年,国民の休日
2009-09-23,平成21年,秋分の日
2009-10-12,平成21年,体育の日
2009-11-03,平成21年,文化の日
2009-11-23,平成21年,勤労感謝の日
2009-12-23,平成21年,天皇誕生日
2010-01-01,平成22年,元日
2010-01-11,平成22年,成人の日
2010-02-11,平成22年,建国記念の日
2010-03-21,平成22年,春分の日
2010-03-22,平成22年,振替休日
2010-04-29,平成22年,昭和の日
2010-05-03,平成22年,憲法記念日
2010-05-04,平成22年,みどりの日
2010-05-05,平成22年,こどもの日
2010-07-19,平成22年,海の日
2010-09-20,平成22年,敬老の日
2010-09-23,平成22年,秋分の日
2010-10-11,平成22年,体育の日
2010-11-03,平成22年,文化の日
2010-11-23,平成22年,勤労感謝の日
2010-12-23,平成22年,天皇誕生日
2011-01-01,平成23年,元日
2011-01-10,平成23年,成人の日
2011-02-11,平成23年,建国記念の日
2011-03-21,平成23年,春分の日
2011-04-29,平成23年,昭和の日
2011-05-03,平成23年,憲法記念日
2011-05-04,平成23年,みどりの日
2011-05-05,平成23年,こどもの日
2011-07-18,平成23年,海の日
2011-09-19,平成23年,敬老の日
2011-09-23,平成23年,秋分の日
2011-10-10,平成23年,体育の日
2011-11-03,平成23年,文化の日
2011-11-23,平成23年,勤労感謝の日
2011-12-23,平成23年,天皇誕生日
2012-01-01,平成24年,元日
2012-01-02,平成24年,振替休日
2012-01-09,平成24年,成人の日
2012-02-11,平成24年,建国記念の日
2012-03-20,平成24年,春分の日
2012-04-29,平成24年,昭和の日
2012-04-30,平成24年,振替休日
2012-05-03,平成24年,憲法記念日
2012-05-04,平成24年,みどりの日
2012-05-05,平成24年,こどもの日
2012-07-16,平成24年,海の日
2012-09-17,平成24年,敬老の日
2012-09-22,平成24年,秋分の日
2012-10-08,平成24年,体育の日
2012-11-03,平成24年,文化の日
2012-11-23,平成24年,勤労感謝の日
2012-12-23,平成24年,天皇誕生日
2012-12-24,平成24年,振替休日
